InitialNode,n1,n1,n2
FinalNode,n2,n3,n3
Circuit,cc1,cc1,cc1
pu,0.49999999995908123,0.49999999997713374,1.8051393713136576e-11
